,weight,height,BMI,yearID,birthYear,deathYear,R,H,HR,BB,SO,WAR,WAA,ERA_plus
count,19421.0,19369.0,19369.0,22154.0,19411.0,9192.0,0,0,0,0,0,6130.0,6130.0,8.0
mean,188.15220637454303,72.38742320202385,25.202791057544395,1959.2836508079804,1938.291381175622,1970.4645343777197,,,,,,0.04280750407830338,-0.06519797716150078,33.225148809523816
std,22.491843215337394,2.6105936310275637,2.1902663638247106,42.534996272807106,41.76385365148063,31.94103689127546,,,,,,0.5735472092022471,0.44194675957524165,34.6943465771805
min,65.0,43.0,17.72070588879678,1871.0,1835.0,1874.0,,,,,,-2.0,-3.59,4.25
25%,172.0,71.0,23.734003872328735,1924.0,1901.0,1949.0,,,,,,-0.08,-0.12,5.6666666666667
50%,185.0,72.0,25.03624108782184,1960.0,1946.0,1972.0,,,,,,-0.01,-0.02,17.0
75%,200.0,74.0,26.44646145773773,1999.0,1976.0,1996.0,,,,,,0.04,0.01,55.56696428571428
max,320.0,83.0,39.74899161859423,2022.0,2001.0,2022.0,,,,,,8.81,6.2,95.7
